10674,ml,mj,30-09-2020,his research paper explores the application of machine learning techniques in the analysis of healthcare data. It investigates predictive models for disease diagnosis and treatment outcomes.
12442,5G Technology,Emily Evans,2023-01-2005,This paper examines the latest developments in 5G technology, including enhanced data speeds, low latency, and applications in IoT and autonomous vehicles.
12981,Social Media,Matthew King,03-04-2023,This research investigates the impact of social media usage on mental health, addressing issues of cyberbullying, addiction, and well-being.
14436,Urbanization, Grace Robinson,19-04-2023,This research analyzes the consequences of urban expansion on biodiversity and ecosystems, proposing strategies for urban planning and conservation.
18641,Space Exploration,Lily Walker,28-01-2023,The study explores the possibilities and challenges of space exploration beyond our solar system, including interstellar travel and exoplanet exploration.
20301,Blockchain T,Benjamin Parker,20-01-2023,The paper presents blockchain technology as a solution for enhancing transparency and traceability in supply chains, focusing on applications in product authenticity and accountability.
32766,Robotics 4.0,Amelia Jackson,28-02-2023,The study assesses the role of robotics and automation in the fourth industrial revolution, including smart manufacturing and supply chain optimization.
26863,Biotechnology,Oliver Harris,12-05-2023,The paper reviews biotechnological innovations in agriculture to enhance crop yields, pest resistance, and food production to meet global food security needs.
27319,CyberSecurity,Olivia Nelson,14-04-2023,The research paper discusses the challenges in detecting and mitigating evolving cybersecurity threats, highlighting the need for advanced intrusion detection systems.
35778,Environmental Im,David Brown,25-04-2023,The paper evaluates the environmental impacts of various renewable energy sources, such as wind, solar, and hydroelectric power, in comparison to traditional fossil fuels.
42097,C++ DSA,Saurabh Srivastav,06-08-2023,Importance of DSA in C++
31045,fghj,dfghj,20-09-2023,sdfghjk
26715,gfds,rew,20-09-2023,fedgxwsvhjmakj
